Datetime,Connection_1
2026-09-27 05:00:00+02:00,0.0
2026-09-27 06:00:00+02:00,0.0
2026-09-27 07:00:00+02:00,0.0
2026-09-27 08:00:00+02:00,0.36595212034746444
2026-09-27 09:00:00+02:00,12.267828502464477
2026-09-27 10:00:00+02:00,48.57624798945837
2026-09-27 11:00:00+02:00,67.77492673384548
2026-09-27 12:00:00+02:00,38.87640392138127
2026-09-27 13:00:00+02:00,35.92545128438833
2026-09-27 14:00:00+02:00,70.97438208663405
2026-09-27 15:00:00+02:00,39.64197720557077
2026-09-27 16:00:00+02:00,30.04874554414003
2026-09-27 17:00:00+02:00,19.529553151689054
2026-09-27 18:00:00+02:00,10.997797216241706
2026-09-27 19:00:00+02:00,0.7332075046577599
2026-09-27 20:00:00+02:00,0.0
2026-09-27 21:00:00+02:00,0.0
2026-09-27 22:00:00+02:00,0.0
2026-09-27 23:00:00+02:00,0.0
2026-09-28 00:00:00+02:00,0.0
2026-09-28 01:00:00+02:00,0.0
2026-09-28 02:00:00+02:00,0.0
2026-09-28 03:00:00+02:00,0.0
2026-09-28 04:00:00+02:00,0.0
2026-09-28 05:00:00+02:00,0.0
2026-09-28 06:00:00+02:00,0.0
2026-09-28 07:00:00+02:00,0.0
2026-09-28 08:00:00+02:00,0.13930228020510374
2026-09-28 09:00:00+02:00,5.2457242197321845
2026-09-28 10:00:00+02:00,13.775821986270584
2026-09-28 11:00:00+02:00,25.517647712837142
2026-09-28 12:00:00+02:00,31.687476981395154
2026-09-28 13:00:00+02:00,51.36777203294556
2026-09-28 14:00:00+02:00,30.65240808552764
2026-09-28 15:00:00+02:00,27.422222329876558
2026-09-28 16:00:00+02:00,22.28011160787204
2026-09-28 17:00:00+02:00,14.474259119155255
2026-09-28 18:00:00+02:00,6.751615297962499
2026-09-28 19:00:00+02:00,0.25700457471439564
2026-09-28 20:00:00+02:00,0.0
2026-09-28 21:00:00+02:00,0.0
2026-09-28 22:00:00+02:00,0.0
2026-09-28 23:00:00+02:00,0.0
2026-09-29 00:00:00+02:00,0.0
2026-09-29 01:00:00+02:00,0.0
2026-09-29 02:00:00+02:00,0.0
2026-09-29 03:00:00+02:00,0.0
2026-09-29 04:00:00+02:00,0.0
2026-09-29 05:00:00+02:00,0.0
2026-09-29 06:00:00+02:00,0.0
2026-09-29 07:00:00+02:00,0.0
2026-09-29 08:00:00+02:00,0.10999972405112741
2026-09-29 09:00:00+02:00,5.381295024651379
2026-09-29 10:00:00+02:00,41.1465347779711
2026-09-29 11:00:00+02:00,75.6336270645224
2026-09-29 12:00:00+02:00,91.3650600320949
2026-09-29 13:00:00+02:00,95.12230449310987
2026-09-29 14:00:00+02:00,88.51276657458689
2026-09-29 15:00:00+02:00,70.99564708629293
2026-09-29 16:00:00+02:00,36.74480628650434
2026-09-29 17:00:00+02:00,28.754717370776735
2026-09-29 18:00:00+02:00,13.822668045930357
2026-09-29 19:00:00+02:00,0.44480828530645156
